1,North Carolina,Babli
2,California,Bunty
3,South Carolina,Babli
4,South Carolina,Bunty
5,Ohio,Bunty
6,Indiana,Babli
7,Michigan,Babli
8,Arizona,Bunty
9,California,Bunty
10,Indiana,Bunty
11,Ohio,Bunty
12,New York,Bunty
13,Arizona,Bunty
14,Arizona,Babli
15,Indiana,Babli
16,Arizona,Babli
17,Ohio,Bunty
18,Indiana,Babli
19,North Carolina,Bunty
20,South Carolina,Babli
21,Illinois,Babli
22,North Carolina,Bunty
23,North Carolina,Bunty
24,Arizona,Bunty
25,South Carolina,Bunty
26,Texas,Babli
27,Arizona,Babli
28,New York,Bunty
29,North Carolina,Bunty
30,Illinois,Bunty
31,New York,Babli
32,California,Babli
33,Texas,Babli
34,North Carolina,Bunty
35,North Carolina,Bunty
36,Illinois,Bunty
37,New York,Bunty
38,Texas,Bunty
39,Michigan,Babli
40,Texas,Bunty
41,North Carolina,Bunty
42,Michigan,Bunty
43,Indiana,Bunty
44,California,Bunty
45,South Carolina,Bunty
46,Illinois,Babli
47,Ohio,Bunty
48,Texas,Babli
49,Texas,Bunty
50,Michigan,Babli
51,New York,Babli
52,California,Babli
53,New York,Babli
54,Arizona,Bunty
55,Michigan,Bunty
56,South Carolina,Babli
57,California,Bunty
58,South Carolina,Bunty
59,Illinois,Bunty
60,Indiana,Bunty
61,Indiana,Babli
62,New York,Babli
63,Michigan,Bunty
64,Arizona,Bunty
65,Michigan,Babli
66,Texas,Babli
67,Illinois,Bunty
68,Arizona,Bunty
69,Indiana,Babli
70,North Carolina,Bunty
71,New York,Bunty
72,Ohio,Bunty
73,North Carolina,Babli
74,California,Babli
75,Michigan,Bunty
76,South Carolina,Bunty
77,Ohio,Babli
78,Texas,Babli
79,Texas,Babli
80,South Carolina,Bunty
81,New York,Bunty
82,Illinois,Bunty
83,Illinois,Bunty
84,Ohio,Bunty
85,North Carolina,Babli
86,New York,Bunty
87,New York,Babli
88,Indiana,Bunty
89,New York,Babli
90,North Carolina,Babli
91,California,Babli
92,South Carolina,Babli
93,California,Babli
94,Ohio,Babli
95,South Carolina,Bunty
96,New York,Bunty
97,North Carolina,Babli
98,Illinois,Babli
99,New York,Babli
100,New York,Bunty
101,South Carolina,Babli
102,California,Babli
103,Ohio,Bunty
104,Ohio,Bunty
105,California,Babli
106,Illinois,Bunty
107,Illinois,Bunty
108,Indiana,Bunty
109,Michigan,Babli
110,Michigan,Bunty
111,Ohio,Babli
112,South Carolina,Bunty
113,Arizona,Bunty
114,North Carolina,Bunty
115,New York,Bunty
116,Texas,Babli
117,Arizona,Bunty
118,Ohio,Bunty
119,Michigan,Babli
120,Indiana,Babli
121,Indiana,Bunty
122,Ohio,Bunty
123,Michigan,Bunty
124,Ohio,Bunty
125,Texas,Babli
126,Ohio,Bunty
127,North Carolina,Bunty
128,Ohio,Bunty
129,Indiana,Babli
130,South Carolina,Babli
131,Michigan,Bunty
132,Illinois,Babli
133,Ohio,Bunty
134,California,Babli
135,Illinois,Bunty
136,California,Bunty
137,Michigan,Bunty
138,California,Babli
139,California,Babli
140,South Carolina,Babli
141,South Carolina,Bunty
142,South Carolina,Bunty
143,Ohio,Babli
144,Texas,Babli
145,Michigan,Bunty
146,New York,Bunty
147,Michigan,Bunty
148,California,Babli
149,Texas,Bunty
150,Michigan,Bunty
151,Arizona,Bunty
152,Illinois,Babli
153,New York,Bunty
154,California,Babli
155,California,Bunty
156,Illinois,Babli
157,Arizona,Babli
158,Michigan,Babli
159,Texas,Babli
160,Ohio,Bunty
161,Texas,Babli
162,North Carolina,Babli
163,Ohio,Babli
164,Indiana,Babli
165,Texas,Bunty
166,South Carolina,Bunty
167,Illinois,Bunty
168,Michigan,Babli
169,California,Babli
170,Indiana,Bunty
171,California,Babli
172,North Carolina,Bunty
173,Arizona,Bunty
174,California,Babli
175,Arizona,Babli
176,Texas,Babli
177,Indiana,Babli
178,Illinois,Babli
179,Arizona,Babli
180,California,Babli
181,Texas,Bunty
182,Texas,Bunty
183,California,Babli
184,Arizona,Babli
185,California,Babli
186,Indiana,Babli
187,Michigan,Bunty
188,North Carolina,Babli
189,Arizona,Babli
190,Michigan,Bunty
191,Illinois,Bunty
192,New York,Bunty
193,Michigan,Bunty
194,Ohio,Babli
195,Texas,Bunty
196,North Carolina,Bunty
197,Indiana,Babli
198,South Carolina,Bunty
199,Arizona,Bunty
200,Ohio,Babli
201,South Carolina,Babli
202,California,Bunty
203,Indiana,Bunty
204,Arizona,Bunty
205,Texas,Bunty
206,Indiana,Bunty
207,Arizona,Babli
208,Arizona,Bunty
209,North Carolina,Bunty
210,Texas,Bunty
211,Texas,Bunty
212,North Carolina,Bunty
213,California,Bunty
214,South Carolina,Bunty
215,Indiana,Bunty
216,California,Bunty
217,North Carolina,Bunty
218,New York,Bunty
219,South Carolina,Babli
220,Illinois,Bunty
221,South Carolina,Babli
222,New York,Babli
223,New York,Babli
224,California,Babli
225,New York,Babli
226,Indiana,Babli
227,North Carolina,Bunty
228,Indiana,Bunty
229,Arizona,Bunty
230,New York,Bunty
231,New York,Bunty
232,North Carolina,Babli
233,Illinois,Bunty
234,Arizona,Babli
235,South Carolina,Babli
236,Ohio,Babli
237,South Carolina,Babli
238,Michigan,Babli
239,Ohio,Bunty
240,New York,Babli
241,Illinois,Babli
242,South Carolina,Babli
243,Michigan,Bunty
244,California,Babli
245,South Carolina,Bunty
246,South Carolina,Bunty
247,Illinois,Bunty
248,Ohio,Babli
249,Indiana,Babli
250,California,Babli
251,North Carolina,Babli
252,New York,Babli
253,New York,Babli
254,New York,Bunty
255,Indiana,Babli
256,Michigan,Babli
257,Ohio,Babli
258,Arizona,Babli
259,California,Babli
260,Texas,Babli
261,North Carolina,Bunty
262,North Carolina,Bunty
263,Michigan,Babli
264,New York,Babli
265,Texas,Babli
266,Texas,Bunty
267,North Carolina,Babli
268,South Carolina,Bunty
269,South Carolina,Bunty
270,Arizona,Bunty
271,Ohio,Bunty
272,South Carolina,Babli
273,Texas,Bunty
274,South Carolina,Bunty
275,New York,Bunty
276,Arizona,Bunty
277,North Carolina,Babli
278,New York,Bunty
279,Michigan,Bunty
280,California,Bunty
281,Texas,Bunty
282,South Carolina,Babli
283,Indiana,Bunty
284,Ohio,Bunty
285,Indiana,Babli
286,South Carolina,Babli
287,Ohio,Bunty
288,North Carolina,Bunty
289,Indiana,Bunty
290,Indiana,Bunty
291,Indiana,Babli
292,California,Babli
293,Arizona,Babli
294,Arizona,Bunty
295,New York,Babli
296,North Carolina,Bunty
297,Michigan,Bunty
298,Illinois,Bunty
299,Arizona,Bunty
300,Indiana,Babli
301,North Carolina,Bunty
302,Indiana,Babli
303,Michigan,Bunty
304,Michigan,Babli
305,Texas,Bunty
306,New York,Bunty
307,Illinois,Bunty
308,New York,Bunty
309,Illinois,Babli
310,North Carolina,Babli
311,Ohio,Bunty
312,Ohio,Babli
313,North Carolina,Babli
314,New York,Babli
315,Michigan,Bunty
316,California,Bunty
317,North Carolina,Babli
318,New York,Babli
319,South Carolina,Bunty
320,California,Babli
321,Illinois,Bunty
322,Indiana,Babli
323,Michigan,Bunty
324,Texas,Babli
325,New York,Babli
326,North Carolina,Babli
327,Ohio,Bunty
328,Indiana,Babli
329,Indiana,Bunty
330,California,Babli
331,Ohio,Babli
332,Texas,Babli
333,New York,Bunty
334,California,Babli
335,Texas,Babli
336,Ohio,Babli
337,Ohio,Babli
338,California,Babli
339,Arizona,Bunty
340,South Carolina,Babli
341,North Carolina,Bunty
342,Illinois,Babli
343,New York,Bunty
344,Michigan,Bunty
345,California,Bunty
346,Arizona,Babli
347,Indiana,Bunty
348,New York,Babli
349,Ohio,Babli
350,Michigan,Bunty
351,New York,Bunty
352,Illinois,Babli
353,Michigan,Babli
354,Texas,Bunty
355,Illinois,Bunty
356,Arizona,Babli
357,Ohio,Bunty
358,Indiana,Babli
359,Arizona,Bunty
360,California,Bunty
361,Ohio,Babli
362,Michigan,Babli
363,Arizona,Babli
364,Indiana,Bunty
365,Arizona,Bunty
366,Ohio,Babli
367,South Carolina,Babli
368,Arizona,Bunty
369,Illinois,Bunty
370,Michigan,Babli
371,California,Babli
372,Indiana,Bunty
373,Texas,Bunty
374,Michigan,Bunty
375,California,Bunty
376,Ohio,Bunty
377,Michigan,Babli
378,Illinois,Bunty
379,North Carolina,Bunty
380,South Carolina,Bunty
381,Texas,Bunty
382,Indiana,Bunty
383,California,Babli
384,New York,Babli
385,Texas,Bunty
386,North Carolina,Babli
387,Texas,Babli
388,Texas,Bunty
389,Michigan,Babli
390,Indiana,Bunty
391,South Carolina,Babli
392,South Carolina,Bunty
393,Ohio,Babli
394,Texas,Babli
395,South Carolina,Babli
396,North Carolina,Babli
397,New York,Babli
398,New York,Bunty
399,Texas,Bunty
400,North Carolina,Bunty
401,Texas,Babli
402,Ohio,Babli
403,Indiana,Bunty
404,Illinois,Babli
405,Indiana,Bunty
406,South Carolina,Babli
407,South Carolina,Babli
408,California,Babli
409,California,Babli
410,Indiana,Babli
411,North Carolina,Babli
412,Ohio,Bunty
413,Arizona,Babli
414,Arizona,Bunty
415,Texas,Babli
416,Indiana,Babli
417,New York,Babli
418,California,Bunty
419,Texas,Babli
420,Illinois,Bunty
421,South Carolina,Babli
422,Michigan,Bunty
423,Arizona,Babli
424,Michigan,Bunty
425,Illinois,Babli
426,Indiana,Bunty
427,Texas,Bunty
428,North Carolina,Babli
429,Arizona,Babli
430,Texas,Bunty
431,Texas,Babli
432,Illinois,Babli
433,California,Babli
434,South Carolina,Babli
435,Michigan,Babli
436,Ohio,Babli
437,Arizona,Bunty
438,Indiana,Bunty
439,New York,Babli
440,Texas,Bunty
441,Michigan,Babli
442,North Carolina,Bunty
443,Ohio,Bunty
444,New York,Bunty
445,Michigan,Bunty
446,Michigan,Bunty
447,New York,Babli
448,California,Bunty
449,Illinois,Bunty
450,Indiana,Babli
451,Indiana,Babli
452,North Carolina,Babli
453,South Carolina,Bunty
454,Arizona,Babli
455,Ohio,Bunty
456,Ohio,Babli
457,South Carolina,Bunty
458,North Carolina,Bunty
459,Michigan,Bunty
460,South Carolina,Babli
461,Illinois,Bunty
462,Illinois,Bunty
463,Ohio,Babli
464,Arizona,Babli
465,Arizona,Babli
466,Ohio,Bunty
467,California,Bunty
468,Arizona,Babli
469,California,Babli
470,New York,Babli
471,Michigan,Babli
472,Michigan,Bunty
473,Michigan,Babli
474,New York,Bunty
475,New York,Babli
476,North Carolina,Babli
477,Ohio,Bunty
478,Arizona,Bunty
479,New York,Babli
480,Illinois,Babli
481,Michigan,Babli
482,Indiana,Babli
483,Indiana,Babli
484,Arizona,Bunty
485,North Carolina,Bunty
486,Indiana,Babli
487,Illinois,Babli
488,South Carolina,Bunty
489,Ohio,Babli
490,Arizona,Bunty
491,North Carolina,Bunty
492,Illinois,Bunty
493,South Carolina,Babli
494,Illinois,Bunty
495,North Carolina,Bunty
496,North Carolina,Babli
497,Illinois,Bunty
498,Illinois,Bunty
499,Indiana,Babli
500,Indiana,Babli
501,Michigan,Babli
502,North Carolina,Babli
503,Texas,Babli
504,Arizona,Bunty
505,Indiana,Babli
506,Texas,Bunty
507,South Carolina,Bunty
508,New York,Babli
509,Illinois,Bunty
510,California,Babli
511,South Carolina,Bunty
512,Arizona,Bunty
513,North Carolina,Bunty
514,California,Bunty
515,Indiana,Babli
516,North Carolina,Bunty
517,Michigan,Bunty
518,Texas,Babli
519,Indiana,Bunty
520,California,Bunty
521,Indiana,Bunty
522,Ohio,Babli
523,North Carolina,Bunty
524,Arizona,Babli
525,New York,Bunty
526,Arizona,Babli
527,Michigan,Babli
528,Arizona,Bunty
529,North Carolina,Bunty
530,North Carolina,Bunty
531,Arizona,Babli
532,South Carolina,Babli
533,Ohio,Babli
534,Michigan,Babli
535,Arizona,Babli
536,Ohio,Bunty
537,Arizona,Babli
538,Texas,Bunty
539,Ohio,Babli
540,Texas,Babli
541,New York,Bunty
542,Illinois,Babli
543,Texas,Bunty
544,California,Bunty
545,South Carolina,Bunty
546,New York,Bunty
547,North Carolina,Babli
548,Michigan,Babli
549,North Carolina,Bunty
550,Indiana,Babli
551,Arizona,Babli
552,Ohio,Bunty
553,South Carolina,Bunty
554,Ohio,Babli
555,North Carolina,Babli
556,Ohio,Babli
557,Illinois,Babli
558,Ohio,Bunty
559,Ohio,Babli
560,Michigan,Bunty
561,Michigan,Babli
562,California,Bunty
563,Texas,Babli
564,Michigan,Babli
565,New York,Babli
566,Ohio,Babli
567,New York,Babli
568,California,Babli
569,Ohio,Babli
570,Ohio,Babli
571,South Carolina,Bunty
572,New York,Bunty
573,Ohio,Babli
574,New York,Bunty
575,Illinois,Babli
576,North Carolina,Bunty
577,Michigan,Babli
578,Texas,Babli
579,Texas,Bunty
580,Ohio,Babli
581,Ohio,Bunty
582,California,Bunty
583,South Carolina,Bunty
584,Texas,Babli
585,Illinois,Bunty
586,Illinois,Babli
587,Indiana,Babli
588,Arizona,Bunty
589,North Carolina,Bunty
590,Illinois,Babli
591,Ohio,Bunty
592,Indiana,Babli
593,California,Babli
594,South Carolina,Bunty
595,Ohio,Babli
596,New York,Babli
597,California,Babli
598,South Carolina,Babli
599,California,Bunty
600,Indiana,Bunty
601,Illinois,Babli
602,Indiana,Bunty
603,California,Babli
604,Indiana,Bunty
605,Illinois,Babli
606,Arizona,Bunty
607,Ohio,Babli
608,Texas,Babli
609,New York,Bunty
610,New York,Babli
611,New York,Babli
612,Indiana,Bunty
613,New York,Babli
614,Illinois,Bunty
615,Arizona,Bunty
616,Ohio,Bunty
617,Michigan,Bunty
618,Texas,Babli
619,California,Babli
620,California,Bunty
621,Arizona,Babli
622,Michigan,Babli
623,Texas,Bunty
624,Arizona,Bunty
625,New York,Bunty
626,South Carolina,Babli
627,California,Babli
628,Ohio,Bunty
629,North Carolina,Bunty
630,Ohio,Babli
631,Ohio,Babli
632,California,Babli
633,North Carolina,Babli
634,Texas,Babli
635,Texas,Babli
636,Arizona,Bunty
637,Texas,Bunty
638,Michigan,Bunty
639,South Carolina,Bunty
640,Texas,Babli
641,Ohio,Bunty
642,North Carolina,Babli
643,Michigan,Babli
644,Illinois,Bunty
645,Ohio,Babli
646,South Carolina,Bunty
647,South Carolina,Bunty
648,New York,Babli
649,Indiana,Babli
650,Michigan,Bunty
651,Michigan,Bunty
652,California,Bunty
653,Michigan,Bunty
654,Ohio,Bunty
655,North Carolina,Bunty
656,North Carolina,Babli
657,South Carolina,Bunty
658,California,Bunty
659,Illinois,Babli
660,South Carolina,Babli
661,New York,Babli
662,California,Babli
663,New York,Babli
664,Arizona,Bunty
665,Ohio,Babli
666,Illinois,Bunty
667,Ohio,Bunty
668,Arizona,Babli
669,Ohio,Babli
670,Arizona,Babli
671,New York,Bunty
672,North Carolina,Bunty
673,Illinois,Bunty
674,New York,Babli
675,New York,Babli
676,Illinois,Bunty
677,Ohio,Bunty
678,Illinois,Babli
679,Michigan,Babli
680,New York,Bunty
681,Michigan,Bunty
682,Indiana,Bunty
683,Illinois,Babli
684,North Carolina,Babli
685,Ohio,Bunty
686,Texas,Babli
687,Arizona,Bunty
688,Arizona,Babli
689,Ohio,Babli
690,South Carolina,Bunty
691,Ohio,Babli
692,Texas,Babli
693,Texas,Bunty
694,New York,Babli
695,North Carolina,Bunty
696,Indiana,Babli
697,South Carolina,Babli
698,California,Bunty
699,Illinois,Bunty
700,Indiana,Babli
701,Texas,Babli
702,Texas,Bunty
703,Illinois,Babli
704,California,Bunty
705,North Carolina,Babli
706,South Carolina,Babli
707,New York,Bunty
708,Arizona,Babli
709,Arizona,Bunty
710,Michigan,Bunty
711,Michigan,Babli
712,Michigan,Babli
713,Arizona,Bunty
714,Michigan,Bunty
715,Indiana,Bunty
716,Arizona,Bunty
717,Ohio,Bunty
718,Ohio,Bunty
719,South Carolina,Bunty
720,Ohio,Babli
721,North Carolina,Babli
722,Indiana,Bunty
723,New York,Bunty
724,Illinois,Babli
725,South Carolina,Bunty
726,Ohio,Babli
727,Texas,Babli
728,South Carolina,Bunty
729,Michigan,Bunty
730,Arizona,Bunty
731,Illinois,Bunty
732,Illinois,Bunty
733,New York,Bunty
734,North Carolina,Babli
735,Texas,Bunty
736,Illinois,Babli
737,California,Babli
738,Texas,Babli
739,California,Babli
740,North Carolina,Babli
741,Indiana,Babli
742,Arizona,Bunty
743,Arizona,Babli
744,South Carolina,Bunty
745,North Carolina,Bunty
746,Ohio,Babli
747,Arizona,Bunty
748,North Carolina,Bunty
749,California,Babli
750,North Carolina,Bunty
751,Indiana,Bunty
752,Illinois,Bunty
753,Texas,Bunty
754,New York,Babli
755,Ohio,Bunty
756,Ohio,Bunty
757,North Carolina,Bunty
758,Illinois,Babli
759,Michigan,Babli
760,South Carolina,Bunty
761,Illinois,Babli
762,Michigan,Babli
763,California,Bunty
764,Texas,Babli
765,California,Bunty
766,Arizona,Bunty
767,California,Bunty
768,Michigan,Bunty
769,Indiana,Babli
770,Michigan,Bunty
771,California,Babli
772,Michigan,Bunty
773,North Carolina,Babli
774,Michigan,Babli
775,Texas,Bunty
776,Illinois,Babli
777,Ohio,Bunty
778,New York,Babli
779,North Carolina,Babli
780,Michigan,Babli
781,Ohio,Bunty
782,Arizona,Bunty
783,Ohio,Bunty
784,Texas,Bunty
785,Michigan,Bunty
786,Indiana,Bunty
787,Texas,Babli
788,Texas,Babli
789,California,Bunty
790,North Carolina,Bunty
791,New York,Bunty
792,North Carolina,Bunty
793,Michigan,Bunty
794,South Carolina,Babli
795,California,Bunty
796,Arizona,Bunty
797,Illinois,Bunty
798,California,Bunty
799,New York,Babli
800,North Carolina,Bunty
801,Texas,Bunty
802,Arizona,Bunty
803,Indiana,Babli
804,Michigan,Bunty
805,South Carolina,Bunty
806,Ohio,Babli
807,New York,Babli
808,Texas,Babli
809,California,Babli
810,Michigan,Babli
811,Illinois,Bunty
812,South Carolina,Bunty
813,New York,Babli
814,Ohio,Babli
815,North Carolina,Bunty
816,Arizona,Bunty
817,Ohio,Bunty
818,North Carolina,Babli
819,Texas,Bunty
820,California,Babli
821,Arizona,Babli
822,South Carolina,Babli
823,Texas,Bunty
824,New York,Bunty
825,South Carolina,Babli
826,Texas,Babli
827,Arizona,Bunty
828,South Carolina,Babli
829,Michigan,Bunty
830,South Carolina,Bunty
831,Michigan,Bunty
832,Arizona,Babli
833,North Carolina,Bunty
834,Arizona,Babli
835,Illinois,Bunty
836,South Carolina,Babli
837,Arizona,Babli
838,Texas,Bunty
839,South Carolina,Babli
840,Texas,Babli
841,New York,Babli
842,Texas,Babli
843,Michigan,Babli
844,Michigan,Babli
845,Michigan,Babli
846,Michigan,Babli
847,New York,Bunty
848,Arizona,Bunty
849,Michigan,Bunty
850,Ohio,Babli
851,South Carolina,Babli
852,Michigan,Bunty
853,North Carolina,Bunty
854,Ohio,Babli
855,New York,Babli
856,California,Bunty
857,Michigan,Bunty
858,New York,Bunty
859,South Carolina,Babli
860,North Carolina,Bunty
861,North Carolina,Babli
862,Illinois,Babli
863,Ohio,Bunty
864,Texas,Bunty
865,Illinois,Bunty
866,Illinois,Babli
867,North Carolina,Babli
868,New York,Babli
869,California,Babli
870,Michigan,Babli
871,Texas,Babli
872,Illinois,Babli
873,Ohio,Bunty
874,Indiana,Babli
875,Indiana,Babli
876,Michigan,Babli
877,California,Babli
878,South Carolina,Bunty
879,Michigan,Babli
880,Illinois,Babli
881,South Carolina,Babli
882,Michigan,Bunty
883,Ohio,Babli
884,South Carolina,Babli
885,North Carolina,Babli
886,Arizona,Bunty
887,Ohio,Bunty
888,Arizona,Bunty
889,Indiana,Bunty
890,South Carolina,Babli
891,Arizona,Babli
892,New York,Bunty
893,Ohio,Babli
894,Arizona,Bunty
895,Ohio,Babli
896,Texas,Babli
897,New York,Babli
898,Illinois,Babli
899,Ohio,Bunty
900,Ohio,Babli
901,South Carolina,Bunty
902,South Carolina,Babli
903,Indiana,Bunty
904,Michigan,Babli
905,New York,Babli
906,Illinois,Bunty
907,California,Bunty
908,New York,Babli
909,Texas,Bunty
910,California,Bunty
911,Illinois,Babli
912,South Carolina,Bunty
913,Illinois,Babli
914,Ohio,Bunty
915,Illinois,Babli
916,Arizona,Babli
917,Indiana,Bunty
918,Indiana,Babli
919,Texas,Babli
920,California,Bunty
921,North Carolina,Babli
922,California,Bunty
923,Ohio,Bunty
924,Arizona,Babli
925,Illinois,Babli
926,California,Babli
927,Arizona,Bunty
928,Texas,Babli
929,California,Babli
930,Texas,Bunty
931,Indiana,Bunty
932,New York,Bunty
933,Michigan,Babli
934,New York,Bunty
935,New York,Bunty
936,Indiana,Bunty
937,Michigan,Bunty
938,North Carolina,Bunty
939,California,Babli
940,Ohio,Babli
941,Texas,Babli
942,Indiana,Bunty
943,Texas,Bunty
944,Indiana,Bunty
945,Ohio,Bunty
946,Indiana,Babli
947,Ohio,Bunty
948,Michigan,Babli
949,Michigan,Bunty
950,Illinois,Babli
951,Michigan,Babli
952,Michigan,Babli
953,New York,Babli
954,California,Babli
955,Arizona,Babli
956,South Carolina,Bunty
957,New York,Bunty
958,South Carolina,Bunty
959,Arizona,Babli
960,Texas,Babli
961,California,Babli
962,Indiana,Babli
963,North Carolina,Bunty
964,Ohio,Babli
965,California,Bunty
966,Indiana,Babli
967,South Carolina,Babli
968,Indiana,Babli
969,Indiana,Bunty
970,Indiana,Bunty
971,Michigan,Babli
972,North Carolina,Babli
973,Indiana,Babli
974,Arizona,Bunty
975,South Carolina,Babli
976,North Carolina,Babli
977,Ohio,Bunty
978,North Carolina,Babli
979,Ohio,Babli
980,Texas,Babli
981,New York,Babli
982,Michigan,Bunty
983,Indiana,Bunty
984,Illinois,Bunty
985,Texas,Bunty
986,Michigan,Babli
987,North Carolina,Bunty
988,New York,Babli
989,New York,Bunty
990,Indiana,Babli
991,South Carolina,Babli
992,North Carolina,Bunty
993,Michigan,Babli
994,Texas,Bunty
995,Michigan,Babli
996,New York,Bunty
997,New York,Babli
998,California,Bunty
999,North Carolina,Bunty
1000,Arizona,Bunty